address,count
0xd3418772623be1a3cc6b6d45cb46420cedd9154a,1244
0x000000000000000000000000000000000000dead,398
0x06b65134068034952e45a1cd8ed92ae94a79c2e1,204
0x96168acf7f3925e7a9eaa08ddb21e59643da8097,154
0xebfd774c1c2008e56ce40e0a4504ebecc81b1921,151
0x63246cb392cc45aabf238d8758c7f48da17621b4,151
0xe10c71796a367dc7355ff2f2910bcb8205245f9c,147
0x70d50867373331acda3513fd353ec4d394f2331c,141
0xbe00b54e2225349e654cb208ea7bd68af7131043,139
0xbbad1747486ec253601f4ee23a1a7139fb15f8d0,138
0xcc9b69f5408a5c6c520377b08f4666b734cf8372,134
0x4212d149f77308a87ce9928f1095eddb894f4d68,133
0x478da2958685915f9b86e8447662abfd9be66075,132
0xb1c1fb2400102b9a70a59025a3806bbfc31c34cf,126
0x6952857f66e728d640f350208e67fa352abfa344,124
0x784f65ceb819372c35248b40787f12b165cc9acc,118
0x6d69f396c6162c75d4bcba23180f09e29c70af62,112
0x86e65b6c6117321f451c59ac9501eafd73565382,108
0x878ed19b41394261d5215de18ced642a3f0ed451,108
0x8439bf8e1fdd160da268a89c397d0921a17043b4,94
0x4ca9e46eacfc17faffad29462e17a797d914c907,89
0xd98bdfedcaaa12341aefeb27c870dd3ce46b5be8,89
0xc7a2dd73362345b3188932a9214fe82eb22035b5,88
0x25f1125417aa9d9366630a62db3c75581dd657dd,86
0x6713788282f166574a54985fb14dbe3e6fd78f22,80
0xecaba63b31b6cc95ef9d90a5eb3d0042ceeee758,79
0x90c1b2c9f9d5057098f7022abf84814a1bac280b,76
0xc89fa8258f4c8ce736ea212672e774ebbd53cc3c,74
0xf1aa941d56041d47a9a18e99609a047707fe96c7,72
0x9fd878f59e78a4da2bb2b971bcdb3cd6f75178ab,72
0x7d5deabd408de86ff8bd8c0fa77aaae49dc56b70,71
0x86c8b97e3a7954857d34cc0f03df29cc2d547de2,69
0x0119d914b60fc558f61f2bfcc4736f9b7c3b0256,68
0x7155d5a59f836b3031524a9d7e418dc99e95de9d,68
0x380c6b58b66b88210ab2dcefe913e34588327f83,66
0xea1420c79a940b2ecfe694ea76ac6a21eefac410,61
0x3e638e84f675e2810f3bf05562f931d8a22de034,60
0x8502c288b36b0429329335817fce55b8fd0df026,60
0x1776cfdcffc21cd51b35d1efaf5b3db4848da1d7,58
0x59d44f2d8e608cee2c3e57da5a5de3bf192a36c3,58
0xbc757a09cd0a060694f99e59db18065655c20d32,57
0xadae0235ed242136208131a7a891bdf2a755763f,53
0x3124a0e29bb77b2bac9eff8189c4e3f6882d2efb,52
0x713a89041e2b28d6539d49966ea908458a7d841d,52
0x30b18f0cb0c3a0e83f1442f215578c4fc8802c6c,51
0x81148349c396ae584f02798db057696055b145fb,50
0x6232afa76050c679406c165cac98f665c401b4b3,50
0x5157b58e80a7651af3125e3355cf8143efce186b,49
0x77c681753979400dc7310b770e88d9c823d1d808,47
0x25639c94411fecc856016f7a07fc29cb9b5bc33c,46
0xede3c709e14d023b68fdbfc1f98a394e72822a8a,46
0x1d87987f74bd9be74d7faead95c7afb212b0adbc,45
0x4fd102ad7aa70600719b11fc122a3085b128f5b1,45
0x38da704129b196f5b43c067af5e531c57ae72f6a,45
0x2052051a0474fb0b98283b3f38c13b0b0b6a3677,43
0x42a18a259a7071ca0fd144b9503a93f038263e3e,43
0x9509565921cf36877b75b60b243f98e25c5db22e,43
0x45fbc0930bdb7b5037a27623d69aa1f2def98e3d,43
0x2404907077b872081b349f21f4319abd95eea3d9,42
0x38e27a59d3cffb945ac8d41b7c398618354c08f6,42
0x9a9a10b72a8a11c9964fbfaa411aef52feaecb53,41
0xb261f055621fb3d19b86cd87d499b5ad9a561115,40
0x9a4c5195ff3a594ac1fd4778cb9c604d504667cb,39
0x98842b531f991118b8da9cbc433f0b66dfb092f0,38
0xe0c22083528c154dd866ef8c0ac49d3213aaed3e,37
0xc4bd0baaee1b80811851381d1f0a361dc04aeaad,37
0xd79cbd12cceba5f3348cc77137cfc01a2832a6d4,36
0x7cd7deb62fc17236fe411a9afcaa3b4936f624a2,36
0x5b8a873a2ebb2ac4ab73c0238c3b2ca62c1a54f9,35
0x767ff494266334063211cc4ea2bada6e7268a00b,35
0x26cda2b332432abf0639bba5e8b31a95cdc987d9,33
0xc63dfeac69d7957e539d9a7e031cf2ab8a67209a,32
0x7ff446ecf4a6c7224264eab1ee97e26a1d71152d,31
0x166db5c6018905c3fec262ca0a8d4b3425eda661,31
0xcdbaec32ee867e7bd329fbba630348c37235d453,31
0xf665a6fd8f07fa226ed85805c9cdcfb06c2c4a24,30
0x3b92868e28030f2481011d12a437fd79da9535a0,30
0x484ec62385e780f2460feac34864a77ba5a18134,30
0x63f67a2e42352c693e8d7c88dff0ad6c58e29bb1,30
0x89f6b520a1715373fa21e311d6833d19b3cec5dc,29
0x1aa124364b84dd3a957e442f0eda9581e4fbbe35,29
0x3da7b8a0353fb926168a2464ffc4160be49b903b,29
0x4fcd35f2050334e7838ad3cff3c2e57382600afa,29
0xe2e9f3e5e6793c313f76076271bfe535cb27f114,28
0x1c4dabfe900bccd23ad60addeab94f13394f68de,27
0x656ebb6c2e0141904bb70041670502ddda76ce90,27
0x0dd399a7ed92283e4983c2974fe377070d67f4eb,27
0x53c88aeb427a7490304b22dbb856072011c585e8,27
0x8a651d64e05e1ebd6612e36ecec5184f549e4106,26
0xc0ae85cd4ba82cbc440b2f7633fcaf8f4b29bab1,26
0x8b34f758c93666a709d2368795485c43d4ea0e81,26
0x0f9ef34d0ad4b248742f5b4d2880ccef0415c3a8,26
0xaf8a8872c14e0e0b8784604a80907dabf23bab01,26
0x2adc9aa73493a2dd76953145621b531487b184da,25
0x2b8454f668669c9c888c8346416e10be86bb7620,23
0x2b25e8d77642e6b8be906c66254538d52611d0ba,23
0x52f65039a76be79b31e9a631df6fbede5d51603c,22
0x8390e281fb69b16e3c767556b6e419b376d5316c,22
0x3be3b7e5b2490a1487d1b125bc14e34476083bc9,22
0xb15ad5028555448829043feb94048ac5a0b77969,21
0x2531b2ff6a7f08c6ab12c29d1b394788f819deb1,21
0x1ba0558b8fac9c6c29dbc84ceaa654b9021937cb,20
0x3ceb615d1f3fc6de3f3a06d1d49ba8abe94292e3,20
0x471601f3071ce057b0ddd539dc0e0c78450e73f0,20
0x921a30fee34e217c17d695b4d2a1b5025374c983,20
0x6906e356a6710f0ca7823815b81bc866f34f9b03,20
0xbfcdd24ba91b346bdf0b335a5162e928e25f1735,19
0x03675f2f2343776cdb919e20e3d92c09ad32ba65,18
0xcc0e0b9ebd4ce352f5a50b3ae77ea01202c284ee,18
0x38012eaf414bfe674d6dd071d854e0bca4e39b1c,18
0xd4e610d2bfa2439673a3a0f3838a60a30b609793,18
0x45d2bafe56c85433e0b9f9b50dd124ea3041f223,18
0xb1dad57e6472b80419f3baa66905df690dd61b9d,17
0x19101b39785b545c764f956c3ad7ca24b29c2699,17
0x109c14d364ede3700625c0c841c41ef4208cc7a5,17
0x99742c06a92521dc2f8d09ec5967f3f21c91f0c2,16
0x3168866520430d547ec7796e64dc2869d7e522c9,16
0xda2d8a5d58e0e25fa9e07138ce27fc76d32291b2,15
0x9426f76973c0c66c2ecbfd9dcdfaf82de3213ef9,14
0xea10954704a8c01fb83710e73e9e1dbc483d20ec,14
0x283c4c08df792484f0417564bf14be0629b4fbf7,14
0x92a735693f295e99238a8c399d097fba62e93f39,14
0x54891c270369b2c2a57209eecf261967bbbf9ab6,13
0xfd18b2a4609c94dbdd33e97f2dd3911dad0710a5,13
0xb8e6890fab931a27b98de3cc55e270e8c2ca2121,13
0x91d01ccb5ab7221ce23c386d74bb7b1d09e28d1d,13
0x2db7e00577dec9edb80709ccf82c07d8e1c0aa9c,12
0x454eee213f3cd49d328d9f2bc525da16cb1ce5ed,12
0xc2de8595ba1dfcaeaae261b590a76b369abf518a,12
0x7384baac5e2e72f50b190225bb43caf47d57e086,12
0x55eed56d76c255dca7e3357dbd22a49bc13daeaf,12
0xb1ccca89d86e990f0b52918886db0a3148389255,12
0x88e4ed76ab146ab4f9fe9bf1deb974aef83e9293,12
0x33783771bcdace29bbaf18d61d3b41d899b9b22e,12
0x68b22aae6e01050ca135c893d192e6ef2735a9c8,12
0xfe105ae13119b9063557d26d9e69574f9b30d8b3,12
0x51340740099c89a1086c9ce9f3afd905d08a4335,12
0x3458d5cbac485bdda4b7439a18152195e93d134f,11
0xb8ebbe55b5c18ad0075b3b247b50ea82385bda0d,11
0xb5b01f92f766387e08ed54a974684c557892ce0a,11
0x848be80dc7c2997fa6d7f53f7a90e3c35659ef1e,11
0x2b11e0240d9ef2c40a25cb3c5a51cfbd9d371c74,11
0x9cb96d7d6748d8f21e14f1b8a57a6e65eae8eeb8,11
0x0fb7701e8f6bceef29f114873731121b55fb7903,11
0x6c25d06ae684c8ec7dd4ac04bd79d2e063b37b0a,11
0xb6a51e2d6ae1b61a29331f9c705ec01a12d3ebdc,11
0x06fa8df1e908e63b330718bf2480f07621ffb55f,10
0xe7f3443b16648a89dd3eaf9d179cb4090c02e66f,10
0x166d483404e8af0369c4ac9006c41c74f743e65d,10
0x903ae0c90cde9422d95e5445bd3379e76c7e102d,10
0x7cbb75e633b328123a190134aa52d7a0bf89e760,10
0xa2de487efd86cd591bf4f304ee319187a0447f00,10
0xa7fd841ca9a529025bf042f604cf45f9bb7f53aa,10
0x0dae6e01a88826b4e77d717d9639b64f749c0152,10
0x9addbd7c41e028c2a05dee3f6faa1f21798e0607,10
0x0b90c9a9fddbd99524f0a3ceaccbf2b81e8945f5,10
0x0b4e71a3769e171c07815ebc2d60879a480e323e,10
0xc1358a33e987848d5631ba08df27f2506c4e51db,10
0xba7e1ad6ef62841b057fcc4694847bb0f79a991c,10
0xcef397cff890e226e1f672f6d4aa2268030a3ee7,10
0x163691fce0a8516cfd41656376eade8c690925bc,10
0xd91f3ec2ebdc5f6772bf832a3aab6c225e0557c9,10
0x378ee5615eb79abf6fb929f658f394ab2ae31c1d,9
0x37ea53fa97a03f1f0a9c46fe653a04a9c658e282,9
0x11952ecefa2da3aab6899b46884bcf446cbff1d7,9
0x561b0f80005a42081c62669e7e34eeb030135f3c,9
0xb682c0570aca2662be394dbca727d25f91112862,9
0xb4a7bb25e8a2d77d92fe88d08984a256e90d4f07,8
0x3a4e30ccd548b54d59ee5267bb15c92a97aba165,8
0xa3af00093de75bf27cbf0ebe4a3b4ecbbbb0c0ad,8
0xebbdf6911f99dcaf647efc82945a7d5a7ea4b46b,8
0x5d643f7f2cf42605766b348d62a5f6d077838a5c,8
0x57a6101635953e5bca3c1390142af024e5406e3f,8
0xe9424d4122a8eab59fdbbe4eface122757d1ed5f,8
0x85d763dfd64b4c47a483e4823e813f5a1c96eaaa,8
0x4c61d468c05089a409be97cb060caa47bd8249e7,8
0x156a5ab014c34a569ba23b4991a5ab349652b8b5,8
0x7aaccf3f18a161dfbb60d118ec3a5a54f322671e,8
0xc73f8d1fcac4cb03fe2eca61581378d411cb811e,8
0x4943407105999e3e97efa2035f5cbc64d72581c6,8
0x3881f0735d9c8aaa779fce6f72938c52e424f852,8
0x9ad87bd347634f4d7f104101bd5ba274562bc5da,7
0x0d4178564cbf36e7eb7166bd9292080d2f7484c2,7
0x415b352add1cda9b2108bca40c80bb84a6f7ea93,7
0x3a535482be0b0700dee771717399e820538da537,7
0x7ba6b03217aefd05eb4999deaa9bf475f488f051,7
0x66e838e2eee59a74904d7b3307967ea6fb5f82b1,7
0xabd32453e8e965d64210eb601df082486bb4d988,7
0xb84a30fb48f65063ba7b013274f7d303c63f9f4a,7
0xd771a08a2f016ca484c75f6b52cd95ef8110623f,7
0x4eb58e3439edcdd6596261b01b1d42e6bd05d2fe,7
0x0de632daedd022ce3c39b4f1912df5372485e9fc,7
0xe5ca69a2392a7c95f1d36deca49bbf482899e0e1,6
0xdebf80b31dc32936dfd0b94cb9c3c655da3b8c02,6
0xaeb2297c325c7a440bea03238a96cb240a452066,6
0xc654d52731cd4b2e133ada8eae5f7099f0b6dd0b,6
0x6e8c0901d667b79528f69fea0307f9c1122eb47e,6
0x7920e7eab0ec4d3a77dd917f7b4089b74489f112,6
0x428071eb9cb73adf05ff18a5797985edc7b33c22,6
0xce77bd70a6794f7f3e02c7b128346ef31fce36c1,6
0x0c402126407113242c7e9b1efa5ac9e2c3f5e338,6
0xd88b2d4b5febf8d5f440de9f4e5e216f56fea1ba,6
0x80d3ab7f834f786cab110bea9e8a96d45b2dc9c2,6
0xc2172a6315c1d7f6855768f843c420ebb36eda97,6
0x9c6a5cb373b26774a3f91d13a8652db7618a5200,6
0xb89c2f6bb674bd6aace2a1e274d40e6dc4775b15,6
0x3037f9220068608482c02bbc6d857f2607568636,6
0x61d0d0d6f7d94cbf1b1b7fa2b3b10fbed5996b53,6
0xcedca72e848102ea27c02cfeb4f87fec4a0dc25a,6
0xe2b07547c1a68a874ed0c4bed65303c2639b6101,6
0xf44e48772b67913e90b88cf384e66ca17c785772,6
0x960fc372e79172d14733d316b1786e95134a5873,6
0xd4c090bc0c4bac76b297e7497bceaaf7284171ac,5
0xa13f6cff582d0cff4d82cf93ad61d628e2739c37,5
0xeffd169ff977f506f7ecb9caf74bd42253be6392,5
0xb078b7db743103a17a1bad664c8172cac9bef4f3,5
0xc190f054b6ea68592f8673a70dec932271cfb728,5
0xf899f549aaf979d8e451d42c31c48a4e39ac59c9,5
0xbb85bff98f145af30ba935ae4ded97c7a5ce9bf2,5
0x7a58fd2726974038115ed3f4f097bbe7b419374c,5
0x31a817802ee183eb8b13167ffe24bd28dcc6f30c,5
0x4936b305102f442080d4711f14c5f0318e3caf74,5
0x51aac4f5d2cbdba2fb6bb6478a6eb3fe4cf5b419,5
0xe101fccf415bbde559c82acc9076d983d50af730,5
0xa5e77ae0046e24b1916a0287019d28996e2dbe72,5
0xd729a94d6366a4feac4a6869c8b3573cee4701a9,5
0xa2ca08e5b1d3cf033d4db98e26adffc7ed8df862,5
0x5f1b500185a3488a29f593e8454042b1b55c7c18,5
0xc5704f77f94087cc644d361a5a57295851d242ab,5
0x81ca58e8f1ee2a7399bb8ef6c76be699b8b12f42,5
0xf9344061881a5df17bc1bba38423c10bf13760b6,5
0xb2f9b85b8ad7e2ba37c076501b03b842c1409878,5
0x773d95942878ce8f29e9b3b768d2180401820f95,5
0xac2d528ed9add1ed761ac06bab3dd8fb40792189,5
0x628eee86ca72a90933ba23ead3db092990cc9ffb,5
0x93ab5a80125a3dab04dced7b96058bfe63730384,5
0x95e37edb087b00f04db2efcc8a78974575e6f35a,5
0xf4249a4a9a105d604778c3d2181a90facb9c7783,5
0xa6bf9fe11ec1ef50c3fe0918bbc2f935947bfcfb,5
0xb3ee3faa7004f4f16b5581f971c2daec706f574a,5
0x09b2db2f5923220e089c717d790d3e75639cd997,5
0x47cf60bdd877203264921d05ce26f81f6d36aa3e,5
0x1ed4a7446556ed14593e15cdba22b1bba158cf8c,5
0xeff16ae79a8e9a921420e9bbfa491d8b15c1ca73,5
0xa745aab558c6447e3a743bbb23022b049d609161,5
0x41dee02be44dfe9c023a618d6689cda5b9cc7249,5
0xdacb8f94e4de4c47f2c08bc4242ea31064478f13,5
0x3bfde3b1b30f5157450d9e7ce1c989e89ac81b1b,5
0xe4016ed970cf5e8841b56405556378c628868a3b,5
0x4c3f8c15b5a3b94c4d10bd0ea2a75e888575f182,5
0xcd6de4e6ae74267d3eb35cb8e9fbf62da41db47d,5
0x90cc6ad7a35a4e3395963268282278b6622b6dfb,5
0xce12635d892ddcc576d449b6dff07117d2c8e407,5
0xd0c3d936caa93e5bb689f8edc5a02d9824e074e6,5
0xd1913e7efa472e4d2161284f060384f0b266a456,4
0xfacef700458d4fc9746f7f3e0d37b462711ff09e,4
0x67bd3598cf58e2c24a3fec73fe4bea00a3076308,4
0x650fab3d625ad0235f6a1c81503ad22261408575,4
0x1cae0d50b9c7191a0769c9db5bc8089256dcd017,4
0xfdb7346100ef650244edf4b868fc7631962c4e63,4
0xa1922c47aa67c41b1c1e877e9919f5ef29c99373,4
0x40100d6c35b5701f4b0aa43f1abc56145a0121d0,4
0xfd9998fd5bd06c7a882d29960dfe83b46cae7fe3,4
0xa6296c3a9a066ba70f9d0f7d69c77ef22c7d26d8,4
0x3c90f48ba0183807bf86947dab3f99aefbf06b05,4
0xe656df09cca0f9967fc326a807217ec2c4dec9c8,4
0x44a7eec077ec1a7d264cb7ba987aee346ba5f8aa,4
0xdb4eaec2be282909e46acebd57ff89d8dfecc13d,4
0x1508622685a8d18f514612e6be4f44b691826c4a,4
0xfbecfd4a7e2979c8a99be92e2219f2d2015e4e92,4
0x0dc3615b60f3afc8b0a003fe82d8dd7845e00d34,4
0xf7dbeeafb69e7a3cf8469d7653cdee635411ab16,4
0xdfb542ffee4a7ccd52ea996c6ca530e2cd428eb8,4
0x5f9dd045a593134fc3d5df5aa27eb00a100bc34e,4
0x770ede7dcf172af5511345d6378850190dc62fce,4
0x77e03d06656185dda97c0e163e17cc1e6659f445,4
0xb448e057a7f087a826551de377fdb15760f40557,4
0x7ad2cb81af992b0ec215bead9de9c8be5e35f24b,4
0xfa2a85430deead30c2bcdcbdb2e461a0f1a6ccda,4
0x1cf1c6223cdcb7b3f1ad5364fedd1fc3cd46cdaa,4
0xc7cb454cefd11a346c5307d4865b5bb687aaad46,4
0x287dcdd23a5ca68f1f5194ed5458676a5ac5849e,4
0x10084cbb7a97f6c1484349106cfd0eacf6e7639c,4
0x7d1dc40218b355effb713cf3a86811d789a4902c,4
0xf2a4f7f8530985e4b107c1941d5143daccbe3199,4
0x71430390f994c88c4f57041f369f0bcb68495ca9,4
0xc2f0fec9c0b32dc7e5545fae090c3c4d83112eac,4
0xaba2778b2b555199c1aeb7f5f1c04a20bcd12155,4
0xb9a548bbb8e2251dd7dc4b0978dd318ec69a1780,4
0xba0c18277a5b2fc5526365c44b1ffa16023dd09d,4
0x1c82e146051a1000c842bb2dda599a894900d3da,4
0x947cd040dbc9ef5cb20dd6a796c5c03c1405fdc0,4
0xb79648084a3a303521fe6b0775c7de616c141843,4
0xb880f98e938d3c6115ba2033d37064820a69938e,3
0x72de384e6854d808df7908ddd9bef47533fe84f5,3
0xb65960817d7eff0408d9708a7bdf2a8bba2e8b17,3
0xe01b4d6cb62261ea6febd0800a9c0666309e1dbd,3
0x12dfc795bcb31889401edf1f5387b1107a6a5906,3
0xcb25952e873bb880e4c44934c08a603f8c9401ee,3
0x1ff241abad54decb967bd0f57c2a584c7d1ca8bd,3
0x7d716e087ec0d90e913a6b867da47c0fe5ae3641,3
0x1d5590436811f11e3b89ee74cb096abb4ecd0a2b,3
0xf048b000249a275235d3807b797bb35eec4024f3,3
0x58e244c1fc95f59f9e4b71572c0082148129b8d7,3
0x145edf85179e37ac4556b92bf9c76bf03f1f511a,3
0x5d9aa94d1ef3de05bdaee6f516f62886f0f9b65a,3
0xbded72add80598afd9e2ec3c5e5fe6aab48b0f89,3
0xbf181197281e7903e16eb3530ffb946d842709a4,3
0x01f0c49ce243ce0179c2983d95737ae6775f4031,3
0x8997178ab3f80d4903f7fbfe8f05138060e57e17,3
0x52992daa63d3feb7619252cfa7a65f949e5a2c76,3
0xd84e30d07990e853fb195c93e76bd5740a7ad0ff,3
0x06ad2665a5fa25df57becf7338b8423bd54ea045,3
0x38879c41f18c751d64079c4bdce7b3e092e873b9,3
0x8addcbb41d8eb2bd77fe64e49ba269bf88c072a5,3
0x5752f0319688b45a8e542bd471212d8325b15538,3
0x48e679d663eced18eee5232f852a5e5dab8989d0,3
0x14ce05c813838e9f45e5f690047fed071de8456a,3
0x66e0620745649fea74c4e024c4cc3a873caefa3f,3
0xf90f4933d08d154ebf51910b29be5abeac539925,3
0x99b69bc72f1f0fbe93f57719cdd033cda2a61a0b,3
0xac29c60b1876068daba2da7f6da933a65648f451,3
0x30def4ab769510b1badd286ea4fab75392ea57dc,3
0xd1e37cddf6cfde5511aff71177a10179a5feadd6,3
0x8a200d75e1c8cd51d3cf6dbedb315a3823b81d3b,3
0x1443d0456db2d79d2e0d9fc0d7557d8ed53d3fcc,3
0x0a430adbc11f1582581fb323019c5971fc303e4c,3
0x0d84911798d07a733a701e8d2f6409a8468cb0fa,3
0xd31af190a1fed706f39e4335561f12384295cbbf,3
0x9f12858ffd44563c7e5fd247cca756b50331256d,3
0x25aeb4e4867df7879f41ce5a43a57cc5775877eb,3
0x3957d3b89cccc77e75df6e3d137d6bdc8852b000,3
0xdeab39d6da3f69f499f11d50603303ddb7ec6fd5,3
0x471af249c8352daadff938caffe5c7320fcddc7d,3
0xa4b39e41f0422ea144a5878691f3c5dc06c8d707,3
0xd3b12401a8d772b21ead56d294f3e935491cf6f9,3
0x15dd590aedb68577c74ed23413876be45071c74a,3
0x32f00258ed197badc0971da04799aa7042b81253,3
0x377de34c3d6528a1aad508ce809aed122b804a47,3
0xad8b0e8d91939ae8c1ca67344ccdbd108d437de7,3
0xf7220cad05b641664b009b44473e5bd7c4367970,3
0x3cec76cbddfef968dc13e68ef7c2d20afb2e0869,3
0x404683445b765cae882e0c9a62e32d0620fdf81f,3
0x96baad447a40fd37eb40e21e2645447c99f1530b,3
0x908b931fabb953a47cdc3bc4dcecb17b693702b6,3
0x454685dec7796c2c747294f7aa7a30b2c5ab05f7,3
0x0f3c5e934effdc85df5de68e0f96039dee07d4bb,3
0x7d2602b394a4329b1b313ba72cd0b04b5da3d39a,3
0x2ed0c280559072d4eaf6f8b71bc277f8de406a7c,2
0xcbe8518371e824d60cf03650470edb3f6dd99f27,2
0x557c7cb60e536c437ac96b361539257b0e2c35c5,2
0x0b66ba96fe2fe6ebf1d033eeb2d1c452250b7b22,2
0xefe38dbdbf8c5cad9aec0a5f4a419509155e7246,2
0x1788b56bfc5b53f88d11369acb482efa9eefd49f,2
0x5b7f60e4a18db6e93f3c9cf04843fcb011181107,2
0xf09eadfaa738a66391f0bed48a40c8bc04baff64,2
0x7021fcd14815f00b0e89841c458829739c05b00d,2
0x8f96319ed7fd679dd53b49c19b8eb5ab901cd1fd,2
0xf604f1ad2de870be95706f005de4421ff886b7c6,2
0x34e50242b24916506542bf709a1421027fdca223,2
0x321cd655d63a2f70930af8928c6ab48533948c21,2
0xc8bfdfddf4c62a7a4d3d2c578e214fccd5f0f197,2
0xf1495dfc8cf795bdace6eb5559520e91d872ebed,2
0x6c490cbbe18735555785f0d5d9e3ce77b1e9b743,2
0xc9cc85d6a45ddc91ebca87c6ba86f5993821c5a8,2
0x95fa7aecc9c6f54c8cff9145aa01a08a1f540089,2
0x1005fbf6ff95df199813d173c9325286052c26cf,2
0xbbb6bffb577ba0ed47b9ad691aca9515e05c107d,2
0x47ab1d1c0b285930a986b0bc301b0339e4405a70,2
0x82df9d10cc4a8a57c923add99566e4c335e644a2,2
0x5c87ba5c2cd3186adeba0d4c1767485159bfba25,2
0x6c0e230904aa207bb660fa5ecc7bb5212ee75dcd,2
0xf4b141a2f28dfde7031d7f9f2db7ee3cfea159d3,2
0x28aba2dfcf42eadfee60cebfa650ac7184652424,2
0xbe7667143bbbc5bf4115aa52fbd63d6a07f8fb85,2
0x909d6a812a8b283bdd18be705c149a8861d4f401,2
0xd74cf06dba28fcfbecea002abe45c6b1c67dbf4c,2
0x543daa3127cc7488614adc71530ab4df36fcd107,2
0x81772de3466a34901f0a13230869a3ac65f213dd,2
0xee54d24f450b000eceb12ef1514c9256da9f9235,2
0x99fa48ccea8a38cde6b437450ff9bbddafaa4fc8,2
0xae97a8bfa58d9573aaba7b7d4339f9e027936bb7,2
0x3a1f79021f04abf432dc15fe8527f99dfa467617,2
0xd6a5da0467342455215dd07d45c449e0d37accbd,2
0xeaab8389ca8fa6aee66c587ae5cc7b7da44b0023,2
0x18a4720e0a982ba9a48bb5a5b7aa4d8869e5844e,2
0xe35204e44a5cc128f2d3adbc75c0e17b7f6a93d3,2
0x2db644273d525aea9eeaa864e922aad4523c2e6b,2
0x96c0ec3a80298d495a919e41c9965895cfcdc23c,2
0x90b6e5327f0e128e904a45deaaf39a009762aad1,2
0xbbdfec67e59ae13b827bc6fc4bf7af879838969d,2
0x159a648f161e15bf18fcce7eb58236bf86969c6d,2
0x3b125ef1e37be142586907713ac43afc3585c1f0,2
0xae956ff76fe21e012eb7cb118ad359596904ae07,2
0xea8d6a16ba2a4593a461acddbfa7fa656132c61c,2
0xd0885451654c9d6c5017582d544e9916f86a245d,2
0x7678ebd12f38830e324feb8cc222c409ef10c0c7,2
0xbf1dd7f60d9532bbec851797b50ef61defe97a18,2
0xb85d9f0aac8712cd0fa7473ff567a3ae5d493817,2
0xa7e3b81c20ad2c9b9fbb1415a2e0fd594e8d6c58,2
0x123d5cc872b9777a7f68ae5cebd489a09a795a8d,2
0x9015bbde15803fe0b1f3445bb5f21f6fe3ea658d,2
0xcce5cb32d4cbe04b0c68ba3192d1a3cd1fddcef3,2
0xebdbd504f79502fd31240457157e4005688fdda5,2
0x6e32a901f4a1ce4ed86e1a7656a36dc262fa8eb6,2
0x90028f80b49b184ee298b70e570d4e4a93995eae,2
0x4f811dbe716288b3330ceb7880281775b93fa045,2
0xea88e793a854d58da3aa96e1a35062b97ce93925,2
0xcb3473b401d90159e0d5e6f204c52a6b3ad49380,2
0x77b89fef8300b30806155f9c36aac4c3b5f22f8b,2
0xc8604694962e04b3cb754d4493dbbebbc19477b8,2
0xef59a40849388ba46debfa8f8c578293947e59a2,2
0x38f55f77ce4087e1c3fbf4873fec69f2a2c2037e,2
0x7c1a98a2ec8b593d82298c0888d6fa4a110c8c89,2
0x425d45bba62b14cd730e0d32515cd6ec4c51b4bd,2
0x31b9a36a2f57b40165004366895d16adfa7aa4c4,2
0x5f852d5599c678e6417b02c51308e113f8b19826,2
0x1f64d02ed888b376173a4f4c531c62dca85c6394,2
0xd551076646ddaeca92810c31bc42da56204310b0,2
0xd9c00b9cdb1d45cf265d1925eb1d004ee04d9f69,2
0xe67eedf10c5eb6b61d0f3a6e1ddec15b5211a8ca,2
0x38bf8fb25867b944ee304e4b4280f6f55a89a905,2
0x2bf5b23b674f294c4e603577508cf4b6e569280f,2
0xd0e5cfd17630003866c3466792474416828b7382,2
0xe784dbe4c9410d17e1323dc77492b707b4659eb5,2
0xd18ef68c7408fa88937ec26e879d100f974b4f90,2
0xc3052acf246f25b35c81026fe7e0ba049538f2b8,2
0xe9137ba3382cb708d858f136552072ff10dd357d,2
0x3c475c1fc2b9d7022863734ef17c1823c6504746,2
0x1a933410950dcc2e5f7cc4000d1a495b840c2d05,2
0xeb6d418ed1957c7bb23d1025c8bc1c221f2d3491,2
0x3c40c2e873b4c5d2b2b9098f132b5560f318d091,2
0x2d73ffb13181ecac6191db2df258a90b369ccc49,2
0xb5f1fed7e87af7544c565ecdc3db40faf43fdc78,2
0xce5a0806cb03eb137658e0c23dd991aa4d972461,2
0x1099dee69872abcc57397072782f111d8afb7e9d,2
0xe8bb2e08e6f52f11d8b65e2a3db772daa60e117e,2
0xddf403807c103624d3ccee729a88103f3fb55cb2,2
0x0d2c40d738d2c0582269e589e9e93de9e98ddc9b,2
0xc2592b3e6459e0ba75495501fec3da05ac38a1f9,2
0x36d966a696ba223ff8d75f2d153c5a3d36a1d7c4,2
0xd6fa6713ad450573b4d3b3e9bc81afb2c805e9fb,2
0x1a81af1afa341d6617dbfb130bff02d69e18d3c2,2
0xcbc415ba5ad03f04c5f3010da4beda5e0f7e81c9,2
0xda7ee0560e324629515abfc08bac3181397919b7,2
0xb4997db7331bbfb6a0c940a340be68e0a22dcb02,2
0xacb6ec7f93f04c04201398d9ab0bbbbae545503e,2
0xf3c97eaccce55f3dfb2183d8b03e44e507c2c73b,2
0x5fdc689f21d5c80a90b05f618faa2d30a3443bde,2
0x592467de8e2d90cf2ef255b27d6acf3afc32a43c,2
0xdde14cfe8c71167aadee3227c5f40071c150c1b7,2
0x6517d689d4d4dd8c2e4abd79b2c7c07c1babf672,2
0xae2a82d57c8d956520d8aa9321471f56c36fbe9d,2
0xcb2e6a48618ceb987a45ed96d021bef1be01c5fd,2
0x5d2aeee532e2ecbd87f7880754a0b9df83efa269,2
0x315710faf1d290853c822a5cde76fb5269dea876,2
0x6cd65836f6df0e15bc22bae3f42ce8dee152e533,2
0xfaf3106bcbc512ce0f4026ce1ccfcff833b77cb3,2
0xf8c15eba793794fa016400e76c7e06baee186d16,2
0x59ccb6a7fea3553b530b9bea795760e61fe7b7db,2
0x0a055ab9993a528ec1af3072c1850f9797621894,2
0xc24a84908f73e9b83675c5b64a19aed88d728a72,2
0x66d9287b85c012e97e74044bdfcb34175abd19d5,2
0x31afd2df9c514da21d8ab2d7322a17b20f10ea03,2
0xed75bdc25cc0750d70d376390279c1a662e2fea6,2
0xd6dab4691ee54fd06b3e834c90b78ff5cb633ee8,2
0xb2823825f0d948011a4eb06a8815ab24ce7e4ee5,2
0x3a56a14f335f2cae08098e418ba1298dd4f2a089,1
0x4445ef134b37ce58d6f22e54f32342416ae62778,1
0xa501ec048fb89e3bd3e1354751a2c04e953afb6f,1
0x261982b5ab0da0a1576d93fd3c8a665aca99af5f,1
0xbac5c05feacef303d742ba8e32365bc37c51dc2c,1
0xc23629a4a508291b2ab69a9605d91fd07d2e55fb,1
0xb433c3decca863b3d2a213a3080eb8c97d1b8917,1
0xd1a041eb146e5d965f2d39746e17818caac763f3,1
0xa37c2b269c59cc982af7c62fcbd824be6e91bfef,1
0xb1aaab012ad68324bb189291e9a1adcbad13cb60,1
0xfb175b3cbd09e08f6804475489a6d53e9c902ec7,1
0xa64f8d83d5fe3d6125cd2e0fdf96316e9338f6a2,1
0x9ff242724cb7e3aff99e87b488a9a09a38cdeb6a,1
0xd306f1ee76c82ca43270512659cbb117730b66a2,1
0xcd296bc86b564403eba3d42e204337587b8260a7,1
0x391018a054c9c55d534a153be308711ac4b6c116,1
0xf11157f3e05eeda1317ff628930637b6656d25b3,1
0x1ef861cd0aec4c6e5bb2c7f9921f3f024f45a291,1
0xaffc8b03f84e1bcdb759378da1667301a5ac51f2,1
0xcf11cf1bcea8e3b1e36d5f9bfbfaef340535062b,1
0x7b0912724fd9fe177c61eca0bdbde432cf0de27e,1
0x86f4d80a41493c5456707985e89e97b4dc35d4b8,1
0x6f9984958e226d652b2233bfd82d0ebeb2bacf9c,1
0x1d1b531c856be9cf93ce93d8914597dd8e2564ad,1
0x4eb859fc83977267fbb6ae1066a51fb4c9086c28,1
0xea651e5b72751f1d2e36255f5f59792c84cd856f,1
0xc037bdd212f2341be1e42e3cc8ae96e5f370ee37,1
0xfbfab8eabc4179693e6d8dd97764a172ab71e037,1
0xbbd094a4c64a4c616d68ffb3d087ce0db3246db9,1
0xdd63cacee4cd36487e09b04d78f338d67a065f31,1
0x55abb1b8359d7bff4ba9352b411e5c0e03beef07,1
0xa0928046b284ae0956a913f7c92610dcf3ab4599,1
0x731e8070be976f1094c42ad289859cf2956fb57b,1
0x6ed77b61d608873d0f351165d53e27df97bc6be2,1
0x6bd22957294e9be801c0b75cec14fbb26d29ba24,1
0xc037da938a0fd0bb80f4fb4b4b146131953e2492,1
0xba481a8be7c1a13f837b234720362047d41345e3,1
0x88a34f26e5cacb6342e722fb6770b18816ebedf6,1
0xa63967e4e87844972162d6b6897f4405f9903ff2,1
0x0379aca38b3248fb19b7b6778c4d1ab3c33d9fea,1
0x84bc57af9abab0c34cbbbdca4c14be8bd7b74597,1
0x3b9660740c054ae3a44c0855eb5a973b7ad626bb,1
0x4633b80996e85f68a591cd7cf71ec3213525624f,1
0xdd603e4c63e57c2d10ec7a0304e6b427cba00001,1
0x284b999d7de8026873dbf537b8e37d0f18f6bcc0,1
0x77bb7515d764b3c4abf55f52e57dd7f0107727d3,1
0xb3ca87b2b5079118d469fa24e684952259484387,1
0x743eec7b5437eeb4ac81d3e7fdcfb2c9558d5226,1
0x22dc1db269cf48e4a7f1bdb32581def4efa06302,1
0xf89c6ab7418ae6223679ea7483165a11d5af2665,1
0x33f2604497e3fc9c01a99e87948dde54802496e0,1
0x8f3a83a3356d2666d89d027544bbaffa12139e3c,1
0x7558cd06f3f53391e50d093ee000266b685fc875,1
0x8020e5f53be994503fcae9a143aa36a0d2f36083,1
0x3564f04949d5da74adc4d43dc5953164826ed69d,1
0xf7457b5266a1b3418431b43f4a50ba1ee4d81253,1
0x76055b5eab756da1ea15a97ff751d4ce18e89e92,1
0x401bc021e50d2f14b2ba3f8d4b5b8b309fea1523,1
0x6f7e58cab0d2290b1d6cf4fb1efc3f0f19794f06,1
0x49ae69c00b6272522710a53d2b91687f9974dfba,1
0x45742d640011084bccd9cbc55dfe15671f694aca,1
0xc2bd956dcac8268ca78f55d6b33bba92eeac443d,1
0x7e2a67ecfce3ac2f55ebdd181b937350c9e1c78c,1
0xe769a3b1b499160a7f5bd12f99b99023e06bbb83,1
0xeb394955110615483cd2615b6c2a5d8baa876f21,1
0xa767117a20ab3b6945954fbf710e2ec5324f7fd6,1
0x6744d79392eb4d47c49a92f03bce87885fa0f3c7,1
0xe9f963a68c34b4528fc8d2e51c0aca438993b5b9,1
0xbd5e10b570f94b4a8c732bfc0062e9a142726843,1
0xc7b2ebfb7d3d1de42f78a8333096ce2054e4c2fc,1
0xd57a2b712e644c3eeb6555d2390e9b6b1201fbc3,1
0x5a4bbf7c132c96a0bde5929dbe0ffd29f0033937,1
0x0eda343d220bd110072e176a3225d5e9657f56f2,1
0x14c07a778e86e4f115c66641ea34d9b6fc2418ee,1
0xb5a7a9a242689c647197235ea87d40549231c0eb,1
0x9b161006ea045968021c1d8b91e0890c058bf921,1
0xed7c8dbf998c95cd8d4a3f1102ef671fd5515daa,1
0x27498a963fcf23aee3b89bdddbc6ca169c8bca97,1
0x3c8c5d2738d364b2a5c0fcc0e2b7329d27b0ae36,1
0xf04e30c0286cf7d84996cfd13b519a6368ebf894,1
0x48cd55147d8b1ad727aa102d8670b1d296a6e295,1
0xf2dc721205e2703e0ede8891819c26e95d162075,1
0x2dfb9646e73cc8ecd5ea37f5288c1f801ad9ade6,1
0xdfa68a54ff345a23da01e9ef66e3e89dd199acd3,1
0x835cccd328d5fe42210c824618ed1a91ff9107f5,1
0x878975cf4a97774af6875b3b37b0920b83121f35,1
0xf67eda687969952373f0d172dad2991bb2608847,1
0x9dfd400201b905dc343cf0eaae5f68f4da342b60,1
0x35ceb51e04bb46a8712a5822a3e50be5499f6762,1
0x999da58e8328071060fde2f3d94ff6de72d50b09,1
0xdebfc3eea34d20dbaee500ea7c378cb3b7a733b9,1
0x65cf64e3a442b41ea5d9c27ae607dc1259084596,1
0x7a9f83c02765f0072d6adc54bb3ab3293d241c33,1
0x8a29a62a19185374d1f8bb95e6289fb6da40814b,1
0x785efa389ef2191b9d6ceb2e75ec442cf3f75e0b,1
0x5b6fd1d9c74186a9082e22ba9a8ea5b1f6a253a9,1
0x6fd6afe08202d7aefdf533ee44dc0e62941c4b22,1
0xbba2f283f86460bb19832a668c07310045933445,1
0x175b49d39c059d764b4d268e66822eb420f46db9,1
0x016ff6d57b52ed16ff6c563559c6d4f4c29ab3e3,1
0x0007b9c4d506c6be7b4a3d454d078db5899172da,1
0x1d862756d01cbc60dfb0ecaabbca454c1002c6c7,1
0x6c3a7fe2bd0e83918f12b5b41095942ffedcb497,1
0xd8feae09b146e3a060d440b1321f9f8905d25ff3,1
0xb3485f971e11e8af55b197a919db24719ddbf7ab,1
0x689a0385865f7c510f0e20f23dd872a65f10a452,1
0x81f1f0ac4d35e92c1acab672c52f39cad0b08e9e,1
0x273008b0140e19d999cc8ddbae5c266a776fb23d,1
0xeaabdeadcc1ba2797a8c9f8fc227de6fd4eb115b,1
0x8d4a8521a55e8f145819e70a2abd06465b4ffce7,1
0x04e22876d00d1d9f88468713b10cf364898014bb,1
0xcd463c70cd3ed659c58db45e50de08ed78e28f1a,1
0xa0c42abc8f2fc2c859a8b1b2bae510c1e1cb8d41,1
0x7a0508c9f388260bf15e96c21304a97153caf032,1
0xf2b5202cab51ad696676515c56edd7b653e40bc4,1
0xc68c1e7b73b6bee9f3da019ce0e004d2e17c2e2e,1
0x18519d607dd980a7ffd15783d3f6843f4371895f,1
0x9e290c9736ac836a7ae794b3ca25de71618eccfa,1
0x297f05a7752d2e0b0b03ea0c082da13d1b16c21e,1
0x0a50b64e272b9e032d9189477e2e7dacd251ccec,1
0x8e8b67b997725a8ad401d2b3f1617204b4a054a6,1
0x90f0107b546a272ca64cc1932747470789e9547a,1
0xdbdf9db7329f4a9cfb09a6ae3e8fd4978251a83c,1
0x3b501f1952609b3a0be4b86fc978f7b74b2d5ab1,1
0x447dbff9ef4edb62f4114090b96cbab58671c7af,1
0xd88365d9433b97884904f3f240c8687390425e4c,1
0xf7e515bfcfa8c0ae9965716d63621d9a8a29b2d4,1
0xa9f41db0d231701c97f16046b548f1769acb024b,1
0x5c18d25064b9abc166ec38d15408d5569176e8cd,1
0x5640606fb2414eb054c54937053a350f3c68fa08,1
0x46455f2fec29f31f058a50cc70621ffaccfd030a,1
0x1cc97dbd54aafb4f9278e20448c26348be449748,1
0x1acfe5c5638dfe9f8074072898e45cc752efcb85,1
0x8049b2745d4b140b34e798e14b3666cc9af78db0,1
0xdc3f6d8233417eb62d063101531cd1c97f4d8b9a,1
0xf5551c50d3fa3c44c9998f62cbceb4e9d2ce4ea2,1
0x1a5b9b7eeab77eabdd3d24946e2c9a16112f8b67,1
0x61b04d2b5cb1f1f8505e7b4e1cb3d9e8a0b15bae,1
0x913a550a4a6cebdfaf69dcb4e8ddc6b7597b2c60,1
0x8eb1b6eb4064e02f2c01495f9af326d8ce333bd5,1
0x72c2f4968360a0ca3864f4f5f94699668bbea1cf,1
0x863b7a4f958c0fd35970f5897613f3872f5e0a0d,1
0x6b6d22a6fe757a39d7da349178a1cc17f04f0ff5,1
0x80d3988f600a0fd28454a9386d137f9cebb54a1f,1
0x27a5b1663d81453d0c1974b3098b247bdbfa1e0a,1
0xd888c2208eb494119ec32ee7350aa64426b103af,1
0x0a0187cbbc8480a241436198cbf3ee053874c6ec,1
0x549dcbbef93ffcd592ef7b74d1f902acc58c2f1f,1
0x45492c6bc6ab97e4320e6f844c560be62737a303,1
0x15719d37d81a0a490af6b143ffb3c84613d77a7b,1
0x43dc2eaf1349150f1aa5f109a200a2daab971519,1
0xf60c581e9299d7731dd46a6c93bea04fddc8e0d3,1
0x725d0e834e161fb51ca07a49c1a6f562a60edd86,1
0x2be0c09be4a458ffa609c86c5c7bee0cb3ca34cd,1
0x7ba20173db8cfc70093bf85e533f6860700af381,1
0xa8c7ad371f8bf2f870d2642519bb91a67b6123d8,1
0x1b47a1598c3fc8f3f4bc75b2baae9dc810391ce4,1
0x9c3bdc0225b9c7988247020f27328dbf28dc076f,1
0x65ea5fc7f489d183be044a46c519a3cb47828a58,1
0x6bd45d56179e52acceb3c0beda3f8f77379a399c,1
0x767235cceef614f2b5653b41a9d120af3a8bff1e,1
0x85c1351bfa15190fb3ef92ad795117f9164ed2eb,1
0xe61653531c4d886fc219464b354aa628f361e818,1
0x6de8bdd19cd76b89ea2eb1ab6d9b245433652ef9,1
0x40fa5b555b83676e203dac4cfb70fd13a53bf6a7,1
0x93695a34c1535ab8abcbbe6c65fa00c6ddb9beb5,1
0x1d95b0b6d3582feec7ef35d2ccf91564ded0cf7f,1
0xeed37594ae5569d34db06e3b9ec0234083c5e5c0,1
0xfe3e3760aabbc606d57cfac6c0ebbb0e5fd4dca7,1
0x78141e27741a38bb895dd622427b5de6c85e27be,1
0x835b4485955ba8046231275318b579a1165cee2d,1
0x0ab705b9734cb776a8f5b18c9036c14c6828933f,1
0x8e2608256e508f1d430891e2775e14837430ace5,1
0xb8d4ff8fa0cd7b572c5d3e6b14f6cc65076fcea4,1
0x77cb96b27d526bbf408308f81e1179e46d254e96,1
0x2dad49cf9c6cc0f83b016934c41e6057ad7a797a,1
0x4768a8d2115ac87f42ab563d4e7e62e55baee2ce,1
0xbb6a364f1ed526938bbf6e297e6c4d7f09e91788,1
0xa7c128d916896eb668ccb280a4aba93cb3951268,1
0xde1cad759524298f13472d0675d7f3ed1d212f0a,1
0xd86ed991315906ac971fe9d52078109462e7df03,1
0xf16ff45a4574474f976564dca3cab1953fe32edf,1
0x6903557e5874d9482c34b04bc2905c17fd88ec55,1
0x6fd0b14c59b7e29eef1c18b571e728f41c37fb6f,1
0x2560172b8f5be8324c8c7c41ebdab49931ce1b26,1
0x4ef490ba82157466b823d26cf1f8022d485387fa,1
0x0640a5e7cd00641e2d487d460040e0147f5c0907,1
0xd6ff7f4730bf760f831ee5d853a5578195ac69f2,1
0x23dd5e258bd15b120ac0db87e480769cebcb8c6b,1
0x65e67f4b986902905fcf8cc89accf1441bc1193a,1
0x5f6974164494d400cde4887d1416a9d2cf359187,1
0xbd7bab46b450bb6955091337cfea2dee1e45e99e,1
0x1fb2c80ac2a0a88762baf1486adc8beb01eeab76,1
0xdba4cdc35ea18709f5d226017f6f947c67269852,1
0x6786e3cf6b7b7fab55038d452d2d197cc3176db4,1
0xaea392e894186cc86d1264a0581b6247bdd40adc,1
0x3884968ca02eb4aed7ca9276af3f54c4e7a8c98b,1
0x08b59a9ab1f47890adb421968401924f42d56382,1
0x87d939e02700a01a01cb364fe7749ac8fa8494e7,1
0xfd25d661e28f684e72c484dfe7cceb0af43a12f9,1
0x76b6af2305b69cdd132baeba280389d8ff76e1c2,1
0xd1831d6e08a71e226deeccf648d70f7bd4b5b348,1
0xa33d7c59c7c665e9bb97b480feb0e1d612281ee2,1
0x1779a347ca2b5a6d5cc32d3af849fb491f3a38cc,1
0x6a688cba25543e2543b30e84468278c74e25eff0,1
0x138643cd365551ec72b3578340cebe3172362ff9,1
0x9abd072f02a1eafdeffbba6794a846f9283d9c86,1
0x86894b45fa5543eed3c57b031cac574698f358dc,1
0x334e6de9c5cf6fdf9200d251b5c48de2ff278584,1
0x0bf61023640b5ffa269ebaba895cc3662793a4c9,1
0x03878cfe7a94e1e9a66004c1fae5990ae7fe1511,1
0xaafef8eacddc14b211f572e2113604da725c1ee3,1
0xaa673807e8a7fd5bdc2523a50ebe8e2130993c6e,1
0x2a23d380e0c007921b46d0c8ec16cef872c2ad25,1
0x1c7948946bd90984416913be3ac91086aa533a36,1
0x60a4aa51fd8f6872afadf574cf2732ca27a664c8,1
0x9d9db340778139774cf73dfb7bf27498fa67978f,1
0xfca577e20be5a193e7a6dc5e33d54229cfd1d1db,1
0xf7154b6d583a569075661ec2708d9586d0e418d5,1
0xce66dd0295f68e34328fadd13d2c1650ee7a771b,1
0x39e68495028371248feff0efaae51efea9cb3256,1
0xc69bb234bc00003941488ba9ad6536cf62e5b653,1
0x0e491b90056798fd7e5f511a3faf499c6bf2b29a,1
0x66a365135c7b94c26fe598142733be1de79d37cc,1
0x473ca643b6effea1c7d2effb9bf56ffbdf42cb6a,1
0xe140d51c33ca507357447d260762d2c296d0ee7d,1
0x4ad06a01c14cb8cf20e49fc53c647b882c1628e9,1
0xf9ccfe31722631382f9f607fe9d6c3c632b977b6,1
0x54691741f6451f4eae797bd365a17b45ece418f3,1
0x7969e25f32c7d81194e0a04f1690c4825ee88e34,1
0xb795bd2758f63de762449f937b859d4a6adfb340,1
0xd1def7395be9cb3ef3adead0d020b9886f46b7c5,1
0x5a74e9d46c55e1afc0a42ce7a22cd24533204295,1
0x7c8c3f389257bab561422d5d9218d2093c42ef0b,1
0x4b6974a237b242d1d32311e1e6976d303b38a548,1
0x80b3553a39211a582979113b306ec11f15f046cd,1
0xbf7e691e267466322e0ad2d7a0ea3a2d1b175d14,1
0xf1968b79700cf60c1e2548ca1050c2c48a949fc8,1
0xae638ed4bb8319b6e3ec0bd345a5c6d2bf41f8a0,1
0x6ca67348c79c14956ef7a737725860561e188b9a,1
0xe1254060ede776006e9e5bd98606d6687791f7d4,1
0xea0a75f6e850be40fb5495eb0c008f2dadd8142f,1
0xd15ef7f2258ece983b9df05ce444d7b70026e920,1
0x2ffa1c6390e2a55e28c7ad971e69acc02530999e,1
0xec58ba36389212e6806b2a82927ddcad6c08f0cb,1
0xb6fb12999a09effdbcc6f60776331eaccc42e539,1
0x2f7ce32e35f33faf369f92ab20d3db22d689196d,1
0xa480b8280e67c0f985fd85168b9eafc2c38d95d1,1
0x959c8760cfb998c207e1c1f3278868603c5a88cc,1
0xebf50a8e6d533043a3bc3c2f2dbb78defbcd9d28,1
0x56557fcd0ed2f74336e735253a77e7472ac738cd,1
0x4adfd845b32afed3e6d2b9d62ec0324a322112c4,1
0xd3c7b85b91faf77376f40920c2ab72dd12f642aa,1
0x71c1d19e334f04ddd39c9057e221c67d6949422a,1
0x2d7d9e8797bf1c85cd2771584273a3a64a0d81a7,1
0x259bb49ff1239933e8000c7856086b6e9065cd12,1
0xaa98d31b2a55208252636f6256f10688e533a6fb,1
0xa38b0629be5e2ea38b9907b51e5370dc202fc789,1
0x4f2339022f81e6692e2793a54e42966b5c86e011,1
0xfe291dc45494868f41604d5b0f5d4d7169196ed7,1
0x78d3aaf8e3cd4b350635c79b7021bd76144c582c,1
0x0b5dd3ff270b1de3f5006f5f838ff1eee9a3165d,1
0x2351ca60e09a078ddfdc3ad4d00ae825ee81c113,1
0x10510415dca2f716c9bac3b1a6d9e33738b4e5a1,1
0xcb30cc9abc2b3b4aa72a6f42c968d632d58547a2,1
0x018786cdcac42959016907046c11ff2dd5d3ef66,1
0x6a037b9b16a88bcae5614d5221991b423e90a315,1
0xc85f258705a3150c15b6530006432acb250e8e36,1
0x7cd8f1c2266d23ae22ce7ed106c13984f6f41792,1
0x2ba429b6679bd3d6ad8c96de19ce543cf86bb576,1
0x2e1223796cb86a4e7afe5ae884bac311e810e5db,1
0x640f5e540e2a6e4871d0e6dd26187bacb9a67905,1
0x684f45dd4a0d50ce2ba618868ef0e7f28eec8773,1
0xaee650b04105da516aacaed4d3b8ee440a9467a5,1
0xda88319ee29d820de91df00c28055c38f1dbb8a6,1
0x671dcc4c7408b86d3721d0b6b969d3c0688a2173,1
0x5804af503c29b2373b84fea821ccc60d7b46283a,1
0xd5ced726dc5145edf5168fe11650c5a4eb747b69,1
0x8cf228749e2f853922fbe7cef00d8eb036e3a9b1,1
0x88e4e3b4241d5c7c8101c1be788e09ee24941cf6,1
0x693411f97d7358d01f0886e589e1b9e6ae39b661,1
0xaba88f4ba9a4af03756b0db788dfd593e7e36170,1
0x51559d8186ca93e8a5cba0d28de9eb722affdbc3,1
0xae26364c1b9984864af0c759576ded1c8f85bd04,1
0xad448137d170b0153018e470afa6b96357d6107f,1
0xbf8cf34e574cff8c56cc99b83c2801c5b1bc30ba,1
0x57903aa1af82da14e629e2fb5725aa3bf470cb72,1
0x050fbde5c7cd07c30181d685c141dfda62e18e4e,1
0xc6ca90b06bf6b605733ce8dbc49ce71233990b37,1
0x9cbe37aba9cc619c8661c6d57a0d1d7f5253bc51,1
0xab3430cdf986e2531913dc87c0b20edc4f36e892,1
0x7f05ba602b034e80d259328bdd8dd21bd36c2801,1
0xa422148ea574676785f8cc729ea23335677f4d21,1
0x9954e2a22b651cd126f3926f6d9b505f4e7aa249,1
0x9526a367b76bd82264f6131e89db578f649488c6,1
0x4298e663517593284ad4fe199b21815bd48a9969,1
0xac1cf197766bbf43c6dbe884629b4bc29e245475,1
0xccf49fc8c9e3096613cfc7906e4686b4f2c0863e,1
0xcd6f18bdda798501090eaa183dd3630c38efd1e4,1
0xd5abae2c29a6c925d0fca8a31b6a67aaf8b25fe0,1
0x45a5082cb7f04c001899fd0de782e518b33391e6,1
0x1cff3de104404e8533baade4dce6fd7b87110b61,1
0xc54d5dd0b3aa61ff23d8ec00b90c619d66cc2ed9,1
0x35474a0cf47e3019c1f65dfa2721aa4d5febedbe,1
0xa3120625e0c749d73a6c3ed0faca7ad905891d8a,1
0xe8161bf9110f7ea2816c037d9977deea5bf4393c,1
0x4692785dcd2f7ad1617df4d82f4fcb6f217f3d34,1
0x482979f11f17c853f3a526a28d5d9381cd8aa635,1
0xc6ea5d866878fd43b4e965457e8d69970b58c393,1
0xbcb4d7ba6b68fa862fec441a73b9c424153aede0,1
0x3338745ed002749ceb62e655ee145622a91c0a16,1
0xa84bdf49e4bdd101884ea2fef6c33cd8d9e845b5,1
0x29b7c47e08305aa65ac7809aa0698cd7f8b6f851,1
0xc98520e01789d21509ec449ddb5285fc56a6eed8,1
0x88d0e9fd5058114be1df181271fc979beb66dcec,1
0x27ae1bedfa0538f51fc3b8103ecb8f0a766f87b1,1
0x749d0ed9d8436b3b742471d5cd3e336ca453c160,1
0x71083b9bdd95bed8c1f8fee03aa34b75e1811345,1
0xb45e3acddc88fa12a33a91dbaced074400ff99ee,1
0x847a457740507f4fdfbd9eb979deec01ea6e6d2f,1
0x8f584c4310d2404a0df756b355db03edc3456b48,1
0x32de4bb15aabb5956d4165aa41d64889ec178ad4,1
0xdc0b3127a71367227311f02fe4dda2a6ccdbae78,1
0xc2c3ca34cf5e80c49514acda6a466ed2894483e3,1
0x89c2f9c85607d0cab5c7ed0fecc7b8c76187f094,1
0xaf2ab6d0e8f69656e7c8c967351de32f0d60fe76,1
0x7e9dc0de9eaaaf60fd4f53f16d29f43b4cabd875,1
0x0c80d5672c60023e1c74e3a5af9786aa064a6432,1
0x7db40142a78d6b3c3c4dc1888e87c7cbf63dd375,1
0xbbfd7a1f37a84bd75ec8557b464ddc9b70af4852,1
0x4f4181bbbb4845104301ff6237ba09c3389702ee,1
0xa8d8a68f0ea626c58236ac7f24071709c2691dc8,1
0x112f5c6b85d5df1594de75e5cc655dd011e61d78,1
0xa21277096fc6aee80ea3bd0bb4cd3256b2d7a50e,1
0x039c691462a829180e046155ef6818a8317adc45,1
0x8272de629e6f06e8d1561166f6ef83468f8423f2,1
0xd8c4673d2b6ea6419bebf3aa84a92e6c69dc0170,1
0xe4a4c0475d1c14c9a56d36e5422862d7f511460c,1
0xb44cadae8af2d709ecb7d4b6f6e1c224388c50b9,1
0x0e7230463e0fd5914c2b57c04ce07d2a9d461924,1
0x628c10bc9b27e1215f68130c26e90c2d21e2058a,1
0x3024a1e64c5fc4251e6eef43493b8195f4ba1b85,1
0x567d945190ccba7a1922a35ee94b0b1acd3f25ea,1
0xdfc46494cf124a3752982ff8c846b1d2744963e6,1
0x9a2831d03a725e040a9b880de4b250e596069e53,1
0x3c0f8cf0fa024330e96cb473ecd6941b49c93b07,1
0x3e2cd68ead0a9b27f4e79d8978d709bea18f6e7d,1
0x6893bcdb32d2b36b09af4946ddb4a0ada0956011,1
0x75a473c33bffb61e945d86b37113c0859965a789,1
0x37dd0abeacfbfb6a7d4994cdd8578cc6e9b131cb,1
0x6cba2683c9d0c7d3dfd6b172d57d1f4610cec6ba,1
0xb3dada790e24e1c84a3944b00f2bbf8f71743c30,1
0x2bc65dbe1cab8da576334351e058b9506d0689a6,1
0x402c345636e5aaa1a9c3761a37e4bd74fb7c5462,1
0x803a58b8ba6dda7ec58bc8cd53478fe6a6a628e2,1
0xc7a295b1b2df1efb82aa204958b98ac30171cb85,1
0xe83b7b6ba25039a50e45502db8401167c92455e3,1
0x7af8899202d324428f3edc176c1f9c7ad72227c8,1
0xa0975e85945598a2bcfde9177f9171bb2a8e4f5d,1
0x9950dd62617f6123551aa61de4a31a0dee02a4e9,1
0xe11ada66507777aac54deb40d022773c413fdbc9,1
0xe93f065c27fadd9d3c0af7b0e4caada210d4b060,1
0x7e853dac84ccffb6db61e4fe125c303b5de3834a,1
0xfb92b565bbe89e6bd0a15fe24fb4ca43bc023973,1
0x915a3d363d0a4e4470b531f008f5142c540e5417,1
0x1f01d99a90ad0c752e7765de29c386a169bd9e37,1
0x1a1427a73b7cb0f4ea3f71c6c8090c4366c8ebe1,1
0x17a9664077a3b50682d5c12415c3e88c23377708,1
0x62d7dca637e12c89a09fe39ee8c459f130928864,1
0xc3f1d077fa590018d3924ce8da1a085b4eae506d,1
0xb70cc02cbd58c313793c971524ad066359fd1e8e,1
0x2baa089c219dd8720d71f046d8bba28738545128,1
0x24ed89801512fc061625f5389cc65b1980103a21,1
0xb920eb87566b1f92fa4e3fa29a45c7979548315a,1
0x53f738a76477f1b63c70321a26226190132efa6c,1
0xe8d3281e6cc8ca487ef2fb96ae3b6f65d1dc8e67,1
